draw,hiv,tb,deviance
1,0.125176,16.71012,0.814946
12,0.121988,18.02214,0.83383
0,0.10922,15.82411,0.862322
9,0.115698,19.21836,0.92932
16,0.13272,15.40367,0.96256
