not_using,pill,IUD,injections,implant,male_condom,female_sterilization,other_modern,periodic_abstinence,withdrawal,other_traditional
0.99654037,0.0002240191,5.84398e-06,0.0018018931,5.06478e-05,0.0002103832,0.0007188092,1.1688e-05,0.0001051916,0.0001811633,0.0001499954
