not_using,pill,IUD,injections,implant,male_condom,female_sterilization,other_modern,periodic_abstinence,withdrawal,other_traditional
0.99393421,0.0003979415,1.84759e-05,0.003828292,0.0001174875,0.0007930406,0.0002742954,2.5582e-05,9.2853e-05,0.0003586211,0.0001591766
